Name,Email
Nick Landon,nicklandon@twinsbaseball.com
Ali Wilson,aliwilson@twinsbaseball.com
Peter Thompson,peterthompson@twinsbaseball.com
Andrew Erlandson,andrewerlandson@twinsbaseball.com
Jack Thomas,jackthomas@twinsbaseball.com
Major Manning,majormanning@twinsbaseball.com
